{
    "accuracy": 0.831359474522293,
    "loss": 0.4835718767658161
}