{
    "accuracy": 0.30078125,
    "loss": 1.5596762299537659
}