{
    "accuracy": 0.30859375,
    "loss": 1.5462888479232788
}