{
    "accuracy": 0.3838141025641026,
    "loss": 1.3517979283981496
}