{
    "accuracy": 0.3151041666666667,
    "loss": 1.5224761962890625
}