{
    "accuracy": 0.4217948717948718,
    "loss": 1.2830884378592569
}