{
    "accuracy": 0.287890625,
    "loss": 1.5671613395214081
}