{
    "accuracy": 0.3203125,
    "loss": 1.4702662840867653
}